CardId,Name,Rarity,Type,Verse,Value,AbilityText,VerseText,,,,
001,Adam,Common,Faithful,Genesis 2:7,12,,Then the LORD God formed man from the dust of the ground and breathed the breath of life into his nostrils~ and the man became a living being.,,,,
002,Eve,Common,Faithful,Genesis 2:22,13,,And from the rib that the LORD God had taken from the man~ He made a woman and brought her to him.,,,,
003,Eve,Uncommon,Faithful,Genesis 2:22,7,-2 Dove if the Serpent is in play,Yahweh God made a woman from the rib which he had taken from the man~ and brought her to the man.,,,,
004,Adam,Uncommon,Faithful,Genesis 2:8,8,-2 Dove if the Serpent is in play,And the LORD God planted a garden in Eden~ in the east~ where He placed the man He had formed.,,,,
005,Noah,Common,Faithful,Genesis 5:9b,12,3 Dove if the Ark is active,Noah was a righteous man~ blameless in his generation; Noah walked with God.,,,,
006,Jabal,Uncommon,Faithful,Genesis 4:20,5,,Adah gave birth to Jabal; he was the father of those who dwell in tents and raise livestock.,,,,
007,Abram,Common,Faithful,Genesis 12:10,7,-2 Dove if Pharaoh is in play,Now there was a famine in the land. So Abram went down to Egypt to live there for a while because the famine was severe.,,,,
008,Sarah,Common,Faithful,Genesis 18:11,5,-2 Dove if Hagar is in play,And Abraham and Sarah were already old and well along in years; Sarah had passed the age of childbearing.,,,,
009,Abraham,Rare,Faithful,Genesis 17:3-5,10,,Then Abram fell facedown~ and God said to him As for Me~ this is My covenant with you: You will be the father of many nations. No longer will you be called Abram~ but your name will be Abraham~ for I have made you a father of many nations.,,,,
010,Isaac,Common,Faithful,Genesis 21:1-3,4,,Now the LORD attended to Sarah as He had said~ and the LORD did for Sarah what He had promised. So Sarah conceived and bore a son to Abraham in his old age~ at the very time God had promised. And Abraham gave the name Isaac to the son Sarah bore to him.,,,,
011,Hagar,Uncommon,Faithful,Genesis 16:3,4,,So after he had lived in Canaan for ten years~ his wife Sarai took her Egyptian maidservant Hagar and gave her to Abram to be his wife.,,,,
012,Ishmael,Common,Faithful,Genesis 21:20-21,6,,And God was with the boy~ and he grew up and settled in the wilderness and became a great archer. And while he was dwelling in the Wilderness of Paran~ his mother got a wife for him from the land of Egypt.,,,,
013,Jacob,Common,Faithful,Genesis 31:3,9,-3 Dove if Esau is in play,Then the LORD said to Jacob~ Go back to the land of your fathers and to your kindred~ and I will be with you.,,,,
014,Esau,Common,Faithful,"Genesis 25:25, 27a",5,-1 Dove if Jacob is in play,The first one came out red~ covered with hair like a fur coat; so they named him Esau….When the boys grew up~ Esau became a skillful hunter~ a man of the field.,,,,
015,Joseph,Uncommon,Faithful,Genesis 37:3-4,8,2 Dove if Egypt is active,Now Israel loved Joseph more than his other sons~ because Joseph had been born to him in his old age; so he made him a robe of many colors. When Joseph’s brothers saw that their father loved him more than any of them~ they hated him and could not speak a kind word to him.,,,,
016,Lot,Common,Faithful,Genesis 13:5-6,3,,Now Lot~ who was traveling with Abram~ also had flocks and herds and tents. But the land was unable to support both of them while they stayed together~ for they had so many possessions that they were unable to coexist.,,,,
017,Moses,Uncommon,Faithful,Exodus 3:1-2,10,,Meanwhile~ Moses was shepherding the flock of his father-in-law Jethro~ the priest of Midian. He led the flock to the far side of the wilderness and came to Horeb~ the mountain of God. There the angel of the LORD appeared to him in a blazing fire from within a bush. Moses saw the bush ablaze with fire~ but it was not consumed.,,,,
018,Moses,Rare,Faithful,Exodus 2:10,10,-2 Dove if Pharaoh is in play,When the child had grown older~ she brought him to Pharaoh’s daughter~ and he became her son. She named him Moses and explained “I drew him out of the water.”,,,,
019,Rachel,Common,Faithful,Genesis 29:9-10,6,-3 Dove if Leah is in play,While he was still speaking with them~ Rachel arrived with her father’s sheep~ for she was a shepherdess. As soon as Jacob saw Rachel~ the daughter of his mother’s brother Laban~ with Laban’s sheep~ he went up and rolled the stone away from the mouth of the well and watered his uncle’s sheep.,,,,
020,Leah,Common,Faithful,Genesis 29:31-32,3,,Yahweh saw that Leah was hated~ and he opened her womb~ but Rachel was barren. Leah conceived~ and bore a son~ and she named him Reuben. For she said “Because Yahweh has looked at my affliction; for now my husband will love me.”,,,,
021,David (Shepherd),Common,Faithful,1 Samuel 16:11,9,,And Samuel asked him “Are these all the sons you have?” “There is still the youngest~” Jesse replied~ “but he is tending the sheep.” “Send for him~” Samuel replied~ “For we will not sit down to eat until he arrives.”,,,,
022,David (King),Rare,Faithful,2 Samuel 2:3-4a,16,,David brought up his men who were with him~ every man with his household. They lived in the cities of Hebron. The men of Judah came~ and there they anointed David king over the house of Judah…,,,,
023,Abigail,Uncommon,Faithful,1 Samuel 25:42,6,,Abigail hurried~ and arose~ and rode on a donkey~ with five ladies of hers who followed her; and she went after the messengers of David~ and became his wife.,,,,
024,Zilpah,Rare,Faithful,Genesis 29:24,3,,Laban gave Zilpah his servant to his daughter Leah for a servant.,,,,
025,Josiah,Uncommon,Faithful,2 Kings 22:1,10,,Josiah was eight years old when he began to reign~ and he reigned thirty-one years in Jerusalem. His mother’s name was Jedidah the daughter of Adaiah of Bozkath.,,,,
026,Abel,Common,Faithful,Genesis 4:2,5,,Later she gave birth to Cain’s brother Abel. Now Abel was a keeper of sheep~ while Cain was a tiller of the soil.,,,,
027,Solomon,Rare,Faithful,2 Chronicles 1:8-12,15,,Solomon said to God~ “You have shown great loving kindness to David my father~ and have made me king in his place. Now~ Yahweh God~ let your promise to David my father be established; for you have made me king over a people like the dust of the earth in multitude. Now give me wisdom and knowledge~ that I may go out and come in before this people; for who can judge this great people of yours?”,,,,
028,Elijah,Uncommon,Faithful,1 Kings 18:21,12,–3 Dove if Jezebel is in play,Then Elijah approached all the people and said~ “How long will you waver between two opinions? If the LORD is God~ follow Him. But if Baal is God~ follow him.” But the people did not answer a word.,,,,
029,Elijah,Common,Faithful,1 Kings 17:2-3,6,,Then a revelation from the LORD came to Elijah~ “Leave here~ turn eastward~ and hide yourself by the Brook of Cherith~ east of the Jordan. And you are to drink from the brook~ and I have commanded the ravens to feed you there.”,,,,
030,Esther,Rare,Faithful,Esther 2:17,12,3 Dove if Mordecai is in play,And the king loved Esther more than all the other women~ and she found grace and favor in his sight more than all of the other virgins~ So he placed the royal crown upon her head and made her queen in place of Vashti.,,,,
031,Naomi,Uncommon,Faithful,Ruth 1:6,7,,When Naomi heard in Moab that the LORD had attended to His people by providing them with food~ she and her daughters-in-law prepared to leave the land of Moab.,,,,
032,Zipporah,Common,Faithful,Exodus 2:21,4,,Moses agreed to stay with the man~ and he gave his daughter Zipporah to Moses in marriage.,,,,
033,Mary,Rare,Faithful,Luke 2:17-19,8,,When they saw it~ they publicized widely the saying which was spoken to them about this child~ All who heard it wondered at the things which were,,,,
034,Tarshish,Common,Faithful,Genesis 10:4-5,2,,And the sons of Javan: Elishah~ Tarshish~ the Kittites~ and the Rodanites. From these~ the maritime peoples separated into their territories~ according to their languages~ by clans within their nations.,,,,
035,Enoch,Rare,Faithful,Genesis 5:24,11,,So Enoch lived a total of 365 years. Enoch walked with God~ and then he was no more~ because God had taken him away.,,,,
036,Deborah,Rare,Faithful,Judges 4:4,10,,Now Deborah~ a prophetess~ the wife of Lappidoth~ judged Israel at that time. She lived under Deborah’s palm tree between Ramah and Bethel in the hill country of Ephraim; and the children of Israel came up to her for judgment.,,,,
037,Jael,Common,Faithful,Judges 4:21,4,1 Dove if Deborah is in play,But as he lay sleeping from exhaustion~ Heber’s wife Jael took a tent peg~ grabbed a hammer~ and went silently to Sisera. She drove the peg through his temple and into the ground~ and he died.,,,,
038,Gideon,Common,Faithful,Judges 7:15-16,9,,When Gideon heard the dream and its interpretation~ he bowed in worship. He returned to the camp of Israel and said~ Get up~ for the LORD has delivered the camp of Midian into your hand. And he divided the three hundred men into three companies and gave each man a ram’s horn in one hand and a large jar in the other~ containing a torch.,,,,
039,Balaam’s Donkey,Uncommon,Faithful,Numbers 22:28,5,,Then the LORD opened the donkey’s mouth~ and she said to Balaam~ What have I done to you that you have beaten me these three times?,,,,
040,Benaiah,Uncommon,Faithful,2 Samuel 23:20,10,2 Dove if a Wild Lion is in play,And Benaiah son of Jehoiada was a man of valor from Kabzeel~ a man of many exploits. He struck down two champions of Moab~ and on a snowy day he went down into a pit and killed a lion.,,,,
041,Peter,Common,Faithful,Matthew 4:18-19,10,–2 Dove if Gethsemane is in play,As Jesus was walking beside the Sea of Galilee~ He saw two brothers~ Simon called Peter and his brother Andrew. They were casting a net into the sea~ for they were fishermen. “Come~ follow Me” Jesus said~ “and I will make you fishers of men.”,,,,
042,Jonah,Common,Faithful,Jonah 1:12,9,,He said to them~ “Take me up~ and throw me into the sea. Then the sea will be calm for you; for I know that because of me this great storm is on you.”,,,,
043,Huldah,Rare,Faithful,2 Chronicles 34:22,8,,So Hilkiah and those the king had designated went and spoke to Huldah the prophetess~ the wife of Shallum son of Tokhath~ the son of Hasrah~ the keeper of the wardrobe. She lived in Jerusalem~ in the Second District.,,,,
044,Mary Magdalene,Rare,Faithful,Luke 8:1-2,11,,Soon afterwards~ he went about through cities and villages~ preaching and bringing the good news of God’s Kingdom. With him were the twelve~ and certain women who had been healed of evil spirits and infirmities: Mary who was called Magdalene~ from whom seven demons had gone out;,,,,
045,Centurion,Common,Faithful,Luke 7:3,3,,When the centurion heard about Jesus~ he sent some Jewish elders to ask Him to come and heal his servant.,,,,
046,John the Baptist,Uncommon,Faithful,Matthew 3:1-2,12,,In those days John the Baptist came~ preaching in the wilderness of Judea and saying~ “Repent~ for the kingdom of heaven is near.”,,,,
047,Caleb,Common,Faithful,"Numbers 13:3, 6",4,,Moses sent them from the wilderness of Paran according to the commandment of Yahweh. All of them were men who were heads of the children of Israel….Of the tribe of Judah~ Caleb the son of Jephunneh.,,,,
048,Jehosheba,Uncommon,Faithful,2 Kings 11:2,10,,But Jehoshebaa daughter of King Joram~ the sister of Ahaziah~ took Joash son of Ahaziah and stole him away from among the sons of the king who were being murdered. She put him and his nurse in a bedroom to hide him from Athaliah~ and he was not killed.,,,,
049,Eutychus,Common,Faithful,Acts 20:9,4,,And a certain young man named Eutychus~ seated in the window~ was sinking into a deep sleep as Paul talked on and on. When he was sound asleep~ he fell from the third story and was picked up dead.,,,,
050,Ruth,Uncommon,Faithful,Ruth 1:16-17,7,2 Dove if Naomi is in play,Ruth said~ “Don’t urge me to leave you~ and to return from following you~ for where you go~ I will go; and where you stay~ I will stay. Your people will be my people~ and your God my God. Where you die~ I will die~ and there I will be buried. May Yahweh do so to me~ and more also~ if anything but death parts you and me.”,,,,
051,Naaman,Common,Neutral,2 Kings 5:14,0,Play this card on any location to prevent Faithless from placing there~ If a Trap card is revealed in that location~ remove Naaman from play,So Naaman went down and dipped himself in the Jordan seven times~ according to the word of the man of God~ and his flesh was restored and became like that of a little child~ and he was clean.,,,,
052,Joseph of Arimathea,Common,Neutral,Mark 15:42-43,0,Play this card on any location to prevent Faithless from placing there. If a Trap card is revealed in that location~ remove Joseph of Arimathea from play,Now it was already evening. Since it was Preparation Day (that is~ the day before the Sabbath)~ Joseph of Arimathea~ a prominent Council member who himself was waiting for the kingdom of God~ boldly went to Pilate to ask for the body of Jesus.,,,,
053,Angel of the Lord,Common,Neutral,1 Chronicles 21:15,0,Instant: You may discard Angel of the Lord to prevent an additional Location from being placed on the timeline.,Then God sent an angel to destroy Jerusalem~ but as the angel was doing so~ the LORD saw it and relented from the calamity~ and He said to the angel who was destroying the people~ “Enough! Withdraw your hand now!” At that time the angel of the LORD was standing by the threshing floor of Ornan the Jebusite.,,,,
054,Angel of the Lord,Common,Neutral,Judges 6:11,0,Play this card on any location to prevent Faithless from placing there. If a Trap card is revealed in that location~ remove Angel of the Lord from play,Then the angel of the LORD came and sat down under the oak in Ophrah that belonged to Joash the Abiezerite~ where his son Gideon was threshing wheat in a winepress to hide it from the Midianites.,,,,
055,Gamaliel,Uncommon,Neutral,Acts 5:33-35,0,Play this card on any location to prevent Faithless from placing there. If a Trap card is revealed in that location~ remove Gamaliel from play,"When the Council members heard this~ they were enraged~ and they resolved to put the apostles to death. But a Pharisee named Gamaliel~ a teacher of the law who was honored by all the people~ stood up in the Sanhedrin and ordered that the men be put outside for a short time. “Men of Israel,” he said~ “consider carefully what you are about to do to these men.”",,,,
056,Uriah the Hittite,Uncommon,Neutral,2 Samuel 11:11,0,Play this card on any location to prevent Faithless from placing there. If a Trap card is revealed in that location~ remove Uriah the Hittite from play,Uriah said to David~ “The ark~ Israel~ and Judah~ are staying in tents; and my lord Joab and the servants of my lord~ are encamped in the open field. Shall I then go into my house to eat and to drink and to lie with my wife? As you live~ and as your soul lives~ I will not do this thing!”,,,,
057,Queen of Sheba,Rare,Neutral,1 Kings 10:1-2,0,Play this card on any location to prevent Faithless from placing there. If a Trap card is revealed in that location~ remove Queen of Sheba from play,Now when the queen of Sheba heard about the fame of Solomon concerning the name of the LORD~ she came to test him with difficult questions. She arrived in Jerusalem with a very large caravan—with camels bearing spices~ gold in great abundance~ and precious stones. So she came to Solomon and spoke to him all that was on her mind.,,,,
058,Naboth,Common,Neutral,1 Kings 21:1,0,Play this card on any location to prevent Faithless from placing there. If a Trap card is revealed in that location~ remove Naboth from play,Some time later~ Naboth the Jezreelite happened to own a vineyard in Jezreel next to the palace of Ahab king of Samaria.,,,,
059,Pharaoh’s Daughter,Rare,Neutral,Exodus 2:5-6,0,Play this card on any location to prevent Faithless from placing there. If a Trap card is revealed in that location~ remove Pharaoh’s Daughter from play,Soon the daughter of Pharaoh went down to bathe in the Nile~ and her attendants were walking along the riverbank. And when she saw the basket among the reeds~ she sent her maidservant to retrieve it. When she opened it~ she saw the child~ and behold~ the little boy was crying. So she had compassion on him and said~ “This is one of the Hebrew children.”,,,,
060,Nicodemus,Common,Neutral,John 3:1-2,0,Play this card on any location to prevent Faithless from placing there~ If a Trap card is revealed in that location~ remove Nicodemus from play,“Now there was a man of the Pharisees named Nicodemus~ a leader of the Jews~ He came to Jesus at night and said~ “Rabbi~ we know that You are a teacher who has come from God~ For no one could perform the signs You are doing if God were not with him.””,,,,
061,Medium at Endor,Uncommon,Fallen,1 Samuel 28:7,9,2 SnakeIcon if Saul is in play,“Then Saul said to his servants~ “Find me a woman who is a medium~ so I can go and consult her.” “There is a medium at Endor” his servants replied.”,,,,
062,Haman,Uncommon,Fallen,Esther 3:5-6,8,-2 SnakeIcon if Esther is in play,“When Haman saw that Mordecai would not bow down or pay him homage~ he was filled with rage. And when he learned the identity of Mordecai’s people~ he scorned the notion of laying hands on Mordecai alone. Instead~ he sought to destroy all of Mordecai’s people~ the Jews~ throughout the kingdom of Xerxes.”,,,,
063,Pharaoh Neco,Uncommon,Fallen,2 Kings 23:29,5,Bonus: When Pharaoh Neco is revealed~ the last discarded Faithless is placed on this location~ If no Faithless have been discarded~ draw another location,“At the end of Josiah’s reign~ Pharaoh Neco king of Egypt marched up to help the king of Assyria at the Euphrates River. King Josiah went out to confront him~ but Neco faced him and killed him at Megiddo.”,,,,
064,Pharaoh,Common,Fallen,Exodus 1:8,8,,“Then a new king~ who did not know Joseph~ came to power in Egypt.”,,,,
065,The Serpent,Common,Fallen,Genesis 3:1,4,2 SnakeIcon if the Garden of Eden is active,“Now the serpent was more subtle than any animal of the field which Yahweh God had made~ He said to the woman~ “Has God really said~ ‘You shall not eat of any tree of the garden’?””,,,,
066,The Serpent,Common,Fallen,Genesis 3:4-5,8,Bonus: When The Serpent enters play~ remove any Support cards from current and adjacent locations,"““‘You will not surely die,’ the serpent told her.~ “For God knows that in the day you eat of it~ your eyes will be opened and you will be like God~ knowing good and evil.””",,,,
067,Ahab,Uncommon,Fallen,1 Kings 16:29-30,10,,“In the thirty-eighth year of Asa’s reign over Judah~ Ahab son of Omri became king of Israel~ and he reigned in Samaria twenty-two years. However~ Ahab son of Omri did evil in the sight of the LORD~ more than all who were before him.”,,,,
068,Jezebel,Rare,Fallen,1 Kings 16:31,13,2 SnakeIcon if Elijah is in play,“And as if it were not enough for him to walk in the sins of Jeroboam son of Nebat~ he even married Jezebel the daughter of Ethbaal king of the Sidonians~ and he then proceeded to serve and worship Baal.”,,,,
069,Absalom,Common,Fallen,2 Samuel 15:12,5,2 SnakeIcon if David is in play,“While Absalom was offering the sacrifices~ he sent for Ahithophel the Gilonite~ David’s counselor~ to come from his hometown of Giloh. So the conspiracy gained strength~ and Absalom’s following kept increasing.”,,,,
070,Giant of Egypt,Common,Fallen,1 Chronicles 11:23,3,2 SnakeIcon if Egypt is active,“He also killed an Egyptian~ a huge man five cubits tall. Although the Egyptian had a spear like a weaver’s beam in his hand~ Benaiah went against him with a club~ snatched the spear from his hand~ and killed the Egyptian with his own spear.”,,,,
071,Pharisee,Common,Fallen,Mark 3:6,5,,“At this~ the Pharisees went out and began plotting with the Herodians how they might kill Jesus.”,,,,
072,Korah,Rare,Fallen,Numbers 16:31-33,7,,“As soon as Moses had finished saying all this~ the ground beneath them split open~ and the earth opened its mouth and swallowed them and their households—all Korah’s men and all their possessions. They went down alive into Sheol with all they owned. The earth closed over them~ and they vanished from the assembly.”,,,,
073,Philistine Warrior,Common,Fallen,Judges 10:6-7,2,,“And again the Israelites did evil in the sight of the LORD~ They served the Baals~ the Ashtoreths~ the gods of Aram~ Sidon~ and Moab~ and the gods of the Ammonites and Philistines. Thus they forsook the LORD and did not serve Him. So the anger of the LORD burned against Israel~ and He sold them into the hands of the Philistines and Ammonites.”,,,,
074,Moabite,Common,Fallen,2 Kings 3:21,4,,“Now when all the Moabites heard that the kings had come up to fight against them~ they gathered themselves together~ all who were able to put on armor~ young and old~ and stood on the border.”,,,,
075,Goliath,Uncommon,Fallen,1 Samuel 17:4,10,1 SnakeIcon if Gath is active,“A champion out of the camp of the Philistines named Goliath of Gath~ whose height was six cubits and a span went out.”,,,,
076,Gehazi,Common,Fallen,2 Kings 5:20,3,,“Gehazi~ the servant of Elisha the man of God~ said~ “Look~ my master has spared this Aramean~ Naaman~ while not accepting what he brought. As surely as the LORD lives~ I will run after him and get something from him.””,,,,
077,Nephilim,Common,Fallen,Genesis 6:4,7,Bonus (Fear): As long as Nephilim is in play~ an additional Faith token must be spent to pay any Faith token cost on the Faith timeline.,“The Nephilim were on the earth in those days—and afterward as well—when the sons of God had relations with the daughters of men. And they bore them children who became the mighty men of old~ men of renown.”,,,,
078,Cain,Uncommon,Fallen,Genesis 4:8,11,2 SnakeIcon if Abel is in play,“Then Cain said to his brother Abel~ “Let us go out to the field.” And while they were in the field~ Cain rose up against his brother Abel and killed him.”,,,,
079,Zeba,Common,Fallen,Judges 8:21,5,,“Then Zebah and Zalmunna said~ “Get up and kill us yourself~ for as the man is~ so is his strength.” So Gideon got up and killed Zebah and Zalmunna~ and he took the crescent ornaments from the necks of their camels.”,,,,
080,Zalmunna,Common,Fallen,Judges 8:11-12,3,,“And Gideon went up by way of the caravan route east of Nobah and Jogbehah~ and he attacked their army~ taking them by surprise. When Zebah and Zalmunna fled~ Gideon pursued and captured these two kings of Midian~ routing their entire army.”,,,,
081,Micah,Common,Fallen,Judges 17:5-6,3,,“Now this man Micah had a shrine~ and he made an ephod and some household idols~ and ordained one of his sons as his priest. In those days there was no king in Israel; everyone did what was right in his own eyes.”,,,,
082,Potiphar’s Wife,Common,Fallen,Genesis 39:6b-7,6,2 SnakeIcon if Joseph is in play,“Now Joseph was well-built and handsome~ and after some time his master’s wife cast her eyes upon Joseph and said~ “Sleep with me.””,,,,
083,Midianite Trader,Common,Fallen,Genesis 37:28,2,,“So when the Midianite traders passed by~ his brothers pulled Joseph out of the pit and sold him for twenty shekels of silver to the Ishmaelites~ who took him to Egypt.”,,,,
084,Saul,Uncommon,Fallen,1 Chronicles 10:13-14,9,,“So Saul died for his unfaithfulness to the LORD~ because he did not keep the word of the LORD and even consulted a medium for guidance~ and he failed to inquire of the LORD. So the LORD put him to death and turned the kingdom over to David son of Jesse.”,,,,
085,Nadab and Abihu,Common,Fallen,Numbers 3:4,5,,“Nadab and Abihu~ however~ died in the presence of the LORD when they offered unauthorized fire before the LORD in the Wilderness of Sinai. And since they had no sons~ only Eleazar and Ithamar served as priests during the lifetime of their father Aaron.”,,,,
086,Balaam,Uncommon,Fallen,Numbers 22:7,6,,“The elders of Moab and Midian departed with the fees for divination in hand. They came to Balaam and relayed to him the words of Balak.”,,,,
087,Magician of Egypt,Common,Fallen,Exodus 7:11,6,2 SnakeIcon if Egypt is active,“But Pharaoh called the wise men and sorcerers and magicians of Egypt~ and they also did the same things by their magic arts.”,,,,
088,Magician of Egypt,Rare,Fallen,Exodus 7:22,0,When this card is revealed in a location~ it gains the SnakeIcon equal to that location.,“The magicians of Egypt did the same thing with their enchantments. So Pharaoh’s heart was hardened~ and he didn’t listen to them~ as Yahweh had spoken.”,,,,
089,Herodias’ Daughter,Uncommon,Fallen,Mark 6:24-25,5,1 SnakeIcon if Herod Antipas is in play,“Then she went out and asked her mother~ “What should I request?” And her mother answered~ “The head of John the Baptist.” At once the girl hurried back to the king with her request: “I want you to give me the head of John the Baptist on a platter immediately.””,,,,last using old method. redo
090,Herod Antipas,Rare,Fallen,Matthew 14:9-11,9,3 SnakeIcon if Sea of Galilee is active,"“The king was grieved, but for the sake of his oaths and of those who sat at the table with him, he commanded it to be given, and he sent and beheaded John in the prison. His head was brought on a platter and given to the young lady; and she brought it to her mother.”",,,,
091,Judas Iscariot,Uncommon,Fallen,Mark 14:10-11,6,,"“Then Judas Iscariot, one of the Twelve, went to the chief priests to betray Jesus to them. They were delighted to hear this, and they promised to give him money. So Judas began to look for an opportunity to betray Jesus.”",,,,
092,Pontius Pilate,Common,Fallen,Mark 15:14-15,6,,"“Now when morning had come, all the chief priests and the elders of the people took counsel against Jesus to put him to death. They bound him, led him away, and delivered him up to Pontius Pilate, the governor.”",,,,
093,Balak,Rare,Fallen,Joshua 24:9-10,9,x2 SnakeIcon if Balaam is in play,"“Then Balak son of Zippor, the king of Moab, set out to fight against Israel. He sent for Balaam son of Beor to curse you, but I would not listen to Balaam. So he blessed you again and again, and I delivered you from his hand.”",,,,
094,Nebuchadnezzar,Rare,Fallen,Daniel 4:33,10,,"“At that moment the sentence against Nebuchadnezzar was fulfilled. He was driven away from mankind. He ate grass like an ox, and his body was drenched with the dew of heaven, until his hair grew like the feathers of an eagle and his nails like the claws of a bird.”",,,,
095,King Ahasuerus,Uncommon,Fallen,Esther 1:1-3a,12,–2 SnakeIcon if Esther is in play,"“This is what happened in the days of Xerxes, who reigned over 127 provinces from India to Cush. In those days King Xerxes sat on his royal throne in the citadel of Susa. In the third year of his reign, Xerxes held a feast for all his officials and servants.”",,,,
096,Og King of Bashan,Rare,Fallen,Deuteronomy 3:11,10,,"“(For only Og king of Bashan had remained of the remnant of the Rephaim. His bed of iron, nine cubits long and four cubits wide, is still in Rabbah of the Ammonites.)”",,,,
097,Athaliah,Uncommon,Fallen,2 Kings 11:1,8,"Bonus: Upon reveal, any active Faithful card with a faith amount less than 8 is discarded.","“When Athaliah the mother of Ahaziah saw that her son was dead, she proceeded to annihilate all the royal heirs.”",,,,
098,King Achish,Rare,Fallen,1 Samuel 21:12,9,2 SnakeIcon if Gath is active,“Now David took these words to heart and was very much afraid of Achish the king of Gath.”,,,,
099,Eglon,Common,Fallen,"Numbers 3:12, 17",5,,"“The children of Israel again did that which was evil in Yahweh’s sight, and Yahweh strengthened Eglon the king of Moab against Israel, because they had done that which was evil in Yahweh’s sight…. The children of Israel again did that which was evil in Yahweh’s sight, and Yahweh strengthened Eglon the king of Moab against Israel, because they had done that which was evil in Yahweh’s sight.”",,,,
100,Elymas the Sorceror,Rare,Fallen,Acts 13:8,10,"Bonus: When Elymas the Sorceror is revealed, the last discarded Faithless is placed on this location. If no Faithless have been discarded, draw another location.","“But Elymas the sorcerer (for so is his name by interpretation) withstood them, seeking to turn the proconsul away from the faith.”",,,,
101,Two She-Bears,Uncommon,Event,2 Kings 2:23-24,10,,"“From there, Elisha went up to Bethel, and as he was walking up the road, a group of boys came out of the city and jeered at him, chanting, “Go up, you baldhead! Go up, you baldhead!” Then he turned around, looked at them, and called down a curse on them in the name of the LORD. Suddenly two female bears came out of the woods and mauled forty-two of the boys.”",,,,
102,The Exodus,Common,Event,Exodus 12:31-32,7,,"“Then Pharaoh summoned Moses and Aaron by night and said, “Get up, leave my people, both you and the Israelites! Go, worship the LORD as you have requested. Take your flocks and herds as well, just as you have said, and depart! And bless me also.””",,,,
103,The Flood,Common,Event,Genesis 7:11-12,,Draw an additional location card and add it to the faith timeline.,"“In the six hundredth year of Noah’s life, on the seventeenth day of the second month, all the fountains of the great deep burst forth, and the floodgates of the heavens were opened. And the rain fell upon the earth for forty days and forty nights.”",,,,
104,The Fall,Uncommon,Event,Genesis 3:12-13,13,,"“And the man answered, “The woman whom You gave me, she gave me fruit from the tree, and I ate it.” Then the LORD God said to the woman, “What is this you have done?” “The serpent deceived me,” she replied, “and I ate.””",,,,
105,David’s Census,Uncommon,Event,1 Chronicles 21:1-2,8,,"“Then Satan rose up against Israel and incited David to take a census of Israel. So David said to Joab and the commanders of the troops, “Go and count the Israelites from Beersheba to Dan and bring me a report, so that I may know their number.””",,,,
106,Prophet’s Rebuke,Rare,Event,2 Samuel 12:9,6,,"“Why then have you despised the command of the LORD by doing evil in His sight? You put Uriah the Hittite to the sword and took his wife as your own, for you have slain him with the sword of the Ammonites.”",,,,
107,Rejoice in the Lord,Common,Event,Joel 2:23,,You may use this card to refresh the faith pool (DoveIcon) to match the amount of one of your Faithful in play.,"“Be glad, O children of Zion, and rejoice in the LORD your God, for He has given you the autumn rains for your vindication. He sends you showers, both autumn and spring rains, as before.”",,,,
108,Plague on Livestock,Common,Event,Exodus 9:6-7,2,,"“And the next day the LORD did just that. All the livestock of the Egyptians died, but not one animal belonging to the Israelites died. Pharaoh sent officials and found that none of the livestock of the Israelites had died. But Pharaoh’s heart was hardened, and he would not let the people go.”",,,,
109,Wild Lion,Rare,Event,2 Samuel 23:20b,15,,“He also went down and killed a lion in the middle of a pit in a time of snow.”,,,,
110,Ben-hadad’s Siege,Common,Event,2 Kings 6:24,7,,"“Some time later, Ben-hadad king of Aram assembled his entire army and marched up to besiege Samaria.”",,,,
111,Sinful Desperation,Uncommon,Event,2 Kings 6:28-29,,Draw an additional location card and add it to the faith timeline.,"“Then the king asked her, ‘What is the matter?’ And she answered, ‘This woman said to me, “Give up your son, that we may eat him, and tomorrow we will eat my son.” So we boiled my son and ate him, and the next day I said to her, “Give up your son, that we may eat him.” But she had hidden her son.’”",,,,
112,Risen!,Rare,Event,Mark 16:6-7,,You may use this card to refresh the faith pool (DoveIcon) to match the amount of one of your Faithful in play.,"“But he said to them, “Do not be alarmed. You are looking for Jesus the Nazarene, who was crucified. He has risen! He is not here! See the place where they put Him. But go, tell His disciples and Peter, ‘He is going ahead of you into Galilee. There you will see Him, just as He told you.’””",,,,
113,A Huge Fish,Uncommon,Event,Jonah 1:17,,Draw an additional location card and add it to the faith timeline.,"“Now the LORD had appointed a great fish to swallow Jonah, and Jonah spent three days and three nights in the belly of the fish.”",,,,
114,Call to Follow,Common,Event,Mark 1:16-18,7,,"“As Jesus was walking beside the Sea of Galilee, He saw Simon and his brother Andrew. They were casting a net into the sea, for they were fishermen. ‘Come, follow Me,’ Jesus said, ‘and I will make you fishers of men.’ And at once they left their nets and followed Him.”",,,,
115,The Call of Abram,Common,Event,Genesis 12:1,,You may use this card to refresh the faith pool (DoveIcon) to match the amount of one of your Faithful in play.,"“Then the LORD said to Abram, ‘Leave your country, your kindred, and your father’s household, and go to the land I will show you.’”",,,,
116,God’s Covenant,Uncommon,Event,Genesis 9:15-16,,You may use this card to refresh the faith pool (DoveIcon) to match the amount of one of your Faithful in play.,"“…and I will remember my covenant, which is between me and you and every living creature of all flesh; and the waters shall no more become a flood to destroy all flesh. And the bow shall be in the cloud; and I will look upon it, that I may remember the everlasting covenant between God and every living creature of all flesh that is upon the earth.”",,,,
117,Waves of Death,Common,Event,2 Samuel 22:5-6,,Draw an additional location card and add it to the faith timeline.,“For the waves of death engulfed me; the torrents of chaos overwhelmed me. The cords of Sheol entangled me; the snares of death confronted me.”,,,,
118,Elijah Flees,Common,Event,1 Kings 19:3-4,5,,"“And Elijah was afraid and ran for his life. When he came to Beersheba in Judah, he left his servant there, while he himself traveled on a day’s journey into the wilderness. He sat down under a broom tree and prayed that he might die. ‘I have had enough, LORD,’ he said. ‘Take my life, for I am no better than my fathers.’”",,,,
119,Gideon’s Fleece,Common,Event,Judges 6:39-40,,You may use this card to refresh the faith pool (DoveIcon) to match the amount of one of your Faithful in play.,"“Then Gideon said to God, ‘Do not be angry with me; let me speak one more time. Please allow me one more test with the fleece. This time let it be dry, and the ground covered with dew.’ And that night God did so. Only the fleece was dry, and dew covered the ground.”",,,,
120,Plague of Locusts,Common,Event,Exodus 10:12,5,,"“Then the LORD said to Moses, ‘Stretch out your hand over the land of Egypt, so that the locusts may swarm over it and devour every plant in the land—everything that the hail has left behind.’”",,,,
121,Oppression in Egypt,Common,Event,Exodus 1:13-14,7,,"“They worked the Israelites ruthlessly and made their lives bitter with hard labor in brick and mortar, and with all kinds of work in the fields. Every service they imposed was harsh.”",,,,
122,Repentance,Common,Event,Psalm 51:10,,You may use this card to refresh the faith pool (DoveIcon) to match the amount of one of your Faithful in play.,"“Create in me a clean heart, O God, and renew a right spirit within me.”",,,,
123,Fishes and Loaves,Uncommon,Event,Mark 6:41-43,,Search the encounter deck for any card and remove it by placing in your hand or discarding,"“Taking the five loaves and the two fish and looking up to heaven, Jesus spoke a blessing and broke the loaves. Then He gave them to His disciples to set before the people. And He divided the two fish among them all. They all ate and were satisfied, and the disciples picked up twelve basketfuls of broken pieces of bread and fish.”",,,,
124,Cords of Sheol,Common,Event,Psalm 18:4-5,,Draw an additional location card and add it to the faith timeline.,“The cords of death encompassed me; the torrents of chaos overwhelmed me. The cords of Sheol entangled me; the snares of death confronted me.”,,,,
125,Pentecost,Rare,Event,Acts 2:1-3,,You may use this card to refresh the faith pool (DoveIcon) to match the amount of one of your Faithful in play.,"“When the day of Pentecost came, they were all together in one place. Suddenly a sound like a mighty rushing wind came from heaven and filled the whole house where they were sitting. They saw tongues like flames of fire that separated and came to rest on each of them.”",,,,
126,By Grace,Uncommon,Event,Ephesians 2:8-9,,Search the encounter deck for any card and remove it by placing in your hand or discarding,"“For it is by grace you have been saved through faith, and this not from yourselves; it is the gift of God, not by works, so that no one can boast.”",,,,
127,God So Loved,Common,Event,John 3:16-17,,You may use this card to refresh the faith pool (DoveIcon) to match the amount of one of your Faithful in play.,"“For God so loved the world, that he gave his one and only Son, that whoever believes in him should not perish, but have eternal life. For God didn’t send his Son into the world to judge the world, but that the world should be saved through him.”",,,,
128,Riot at Ephesus,Common,Event,Acts 19:28-29,6,,"“When they heard this they were filled with anger, and cried out, saying, ‘Great is Artemis of the Ephesians!’ The whole city was filled with confusion, and they rushed with one accord into the theater, having seized Gaius and Aristarchus, men of Macedonia, Paul’s companions in travel.”",,,,
129,The Wedding at Cana,Uncommon,Event,John 2:11,,You may use this card to refresh the faith pool (DoveIcon) to match the amount of one of your Faithful in play.,"“The third day, there was a wedding in Cana of Galilee. Jesus’ mother was there. Jesus also was invited, with his disciples, to the wedding. When the wine ran out, Jesus’ mother said to him, ‘They have no wine.’”",,,,
130,Creation,Rare,Event,Genesis 1:9-10,,You may use this card to refresh the faith pool (DoveIcon) to match the amount of one of your Faithful in play.,"“God said, ‘Let the waters under the sky be gathered together to one place, and let the dry land appear;’ and it was so. God called the dry land ‘earth’, and the gathering together of the waters he called ‘seas’. God saw that it was good.”",,,,
131,Flight of Moses,Common,Event,Exodus 2:15,5,,"“Now when Pharaoh heard this thing, he sought to kill Moses. But Moses fled from the face of Pharaoh, and lived in the land of Midian, and he sat down by a well.”",,,,
132,In The Beginning…,Common,Event,Genesis 1:1,,You may use this card to refresh the faith pool (DoveIcon) to match the amount of one of your Faithful in play.,"“In the beginning, God created the heavens and the earth.”",,,,
133,Jeroboam’s Idols,Common,Event,1 Kings 12:28,8,,"“After seeking advice, the king made two golden calves and said to the people, ‘Going up to Jerusalem is too much for you. Here, O Israel, are your gods, who brought you up out of the land of Egypt.’”",,,,
134,Fallen Angels,Rare,Event,Isaiah 14:12,,Draw an additional location card and add it to the faith timeline.,"“How you have fallen from heaven, O day star, son of the dawn! You have been cut down to the ground, O destroyer of nations.”",,,,
135,The God Who Sees,Common,Event,Genesis 16:13,,You may use this card to refresh the faith pool (DoveIcon) to match the amount of one of your Faithful in play.,"“So Hagar gave this name to the LORD who had spoken to her: ‘You are the God who sees me,’ for she said, ‘Here I have seen the One who sees me!’”",,,,
136,The Lord Will Provide,Common,Event,Genesis 22:14,,You may use this card to refresh the faith pool (DoveIcon) to match the amount of one of your Faithful in play.,"“Then Abraham looked up and saw behind him a ram in a thicket, caught by its horns. So he went and took the ram and offered it as a burnt offering in place of his son. And Abraham called that place The LORD Will Provide. So to this day it is said, ‘On the mountain of the LORD it will be provided.’”",,,,
137,The Word of God,Rare,Event,Hebrews 4:12,,You may use this card to refresh the faith pool (DoveIcon) to match the amount of one of your Faithful in play.,"“For the word of God is living and active, and sharper than any two-edged sword, piercing even to the dividing of soul and spirit, of both joints and marrow, and is able to discern the thoughts and intentions of the heart.”",,,,
138,Spies,Uncommon,Event,Numbers 13:1-2,,Search the encounter deck for any card and remove it by placing in your hand or discarding,"“And the LORD said to Moses, ‘Send out for yourself men to spy out the land of Canaan, which I am giving to the Israelites. From each of their fathers’ tribes send one man who is a leader among them.’”",,,,
139,Rebellion,Common,Event,Numbers 14:2,,Draw an additional location card and add it to the faith timeline.,"“All the Israelites grumbled against Moses and Aaron, and the whole congregation said to them, ‘If only we had died in the land of Egypt, or if only we had died in this wilderness!’”",,,,
140,The Golden Calf,Rare,Event,Exodus 32:4,7,,"“He took the gold from their hands, and with an engraving tool he fashioned it into a molten calf. And they said, ‘These, O Israel, are your gods, who brought you up out of the land of Egypt!’”",,,,
141,The Garden of Eden,Common,Location,Genesis 2:8,3,,"“And the LORD God planted a garden in Eden, in the east, where He placed the man He had formed.”",,,,
142,The Garden of Eden,Uncommon,Location,Genesis 2:10,6,,"“Now a river flowed out of Eden to water the garden, and from there it branched into four headwaters:”",,,,
143,Tower of Babel,Uncommon,Location,Genesis 11:9,9,,"“That is why it is called Babel, for there the LORD confused the language of the whole world, and from that place the LORD scattered them over the face of all the earth.”",,,,
144,Egypt,Common,Location,Isaiah 31:1,12,,"“Woe to those who go down to Egypt for help, who rely on horses, who trust in their abundance of chariots and in their multitude of horsemen. They do not look to the Holy One of Israel; they do not seek the LORD.”",,,,
145,Susa the Citadel,Common,Location,Esther 1:5,12,,"“At the end of this time, in the garden court of the royal palace, the king held a seven-day feast for all the people in the citadel of Susa, from the least to the greatest.”",,,,
146,Gath,Common,Location,1 Samuel 17:23,7,,"“And as he was speaking with them, suddenly the champion named Goliath, the Philistine from Gath, came forward from the Philistines and shouted his usual words, which David also heard.”",,,,
147,Mount Sinai,Rare,Location,Exodus 19:18,21,,"“Mount Sinai was completely enveloped in smoke, because the LORD had descended on it in fire. And the smoke rose like the smoke of a furnace, and the whole mountain quaked violently.”",,,,
148,Naboth’s Vineyard,Common,Location,1 Kings 21:2,6,,"“So Ahab said to Naboth, ‘Give me your vineyard to use as a vegetable garden, since it is next to my palace. I will give you a better vineyard in its place—or if you prefer, I will give you its value in silver.’”",,,,
149,Jericho,Common,Location,Joshua 6:1,11,,“Now Jericho was tightly shut up because of the Israelites. No one went out and no one came in.”,,,,
150,The Ark,Uncommon,Location,Genesis 7:6-7,,,,,,,
151,The Jordan River,Common,Location,Genesis 13:10,,,,,,,
152,Egypt,Common,Location,Genesis 13:10,,,,,,,
153,The Red Sea,Uncommon,Location,Exodus 13:18,,,,,,,
154,Potiphar’s House,Uncommon,Location,Genesis 39:2-3,,,,,,,
155,Nineveh,Uncommon,Location,Jonah 3:3,,,,,,,
156,Hebron,Common,Location,Numbers 13:22,,,,,,,
157,Mount Tabor,Common,Location,Judges 4:6,,,,,,,
158,Moab,Common,Location,Numbers 22:1,,,,,,,
159,Canaan,Uncommon,Location,Genesis 10:19,,,,,,,
160,Shechem,Common,Location,Genesis 33:18,,,,,,,
161,Sycamore Tree,Rare,Location,Luke 19:3-4,,,,,,,
162,Gethsemane,Rare,Location,Matthew 26:36-37,,,,,,,
163,Oaks of Mamre,Rare,Location,Genesis 13:18,,,,,,,
164,Nazareth,Common,Location,John 1:45,,,,,,,
165,Sea of Galilee,Uncommon,Location,Matthew 4:18,,,,,,,
166,Camel,Common,Support|Animal,Genesis 24:10,,,,,,,
167,Peacock,Rare,Support|Animal,1 Kings 10:22,,,,,,,
168,Ostrich,Common,Support|Animal,Lamentations 4:3,,,,,,,
169,Sparrow,Common,Support|Animal,Matthew 10:31,,,,,,,
170,Dove,Common,Support|Animal,Genesis 8:9-10,,,,,,,
171,Leviathan,Rare,Support|Animal,Job 41:1-3,,,,,,,
172,Quail,Uncommon,Support|Animal,Numbers 11:31,,,,,,,
173,Manna,Common,Support|Animal,Exodus 16:15,,,,,,,
174,Palm Branch,Uncommon,Support|Animal,John 12:13,,,,,,,
175,Sling and Stones,Rare,Support|Animal,1 Samuel 17:40,,,,,,,
176,Fishing Nets,Uncommon,Support|Animal,Luke 5:4,,,,,,,
177,Ship of Tarshish,Uncommon,Support|Animal,Isaiah 60:9,,,,,,,
178,Scroll,Common,Support|Animal,Ezra 6:1-2a,,,,,,,
179,Pharaoh’s Ring,Common,Support|Animal,Genesis 41:42,,,,,,,
180,Aaron’s Staff,Rare,Support|Animal,Numbers 17:8,,,,,,,